0,32,{'weight': 1.0}
0,117,{'weight': 1.0}
1,49,{'weight': 1.0}
2,395,{'weight': 1.0}
3,27,{'weight': 1.0}
3,4,{'weight': 1.0}
4,27,{'weight': 1.0}
5,49,{'weight': 1.0}
5,302,{'weight': 1.0}
6,204,{'weight': 1.0}
6,7,{'weight': 1.0}
7,25,{'weight': 1.0}
7,10,{'weight': 1.0}
7,204,{'weight': 1.0}
7,260,{'weight': 1.0}
8,493,{'weight': 1.0}
8,62,{'weight': 1.0}
9,88,{'weight': 1.0}
9,55,{'weight': 1.0}
10,25,{'weight': 1.0}
10,260,{'weight': 1.0}
11,226,{'weight': 1.0}
11,68,{'weight': 1.0}
11,428,{'weight': 1.0}
11,46,{'weight': 1.0}
11,76,{'weight': 1.0}
11,78,{'weight': 1.0}
11,431,{'weight': 1.0}
11,49,{'weight': 1.0}
11,212,{'weight': 1.0}
11,53,{'weight': 1.0}
11,470,{'weight': 1.0}
11,430,{'weight': 1.0}
11,412,{'weight': 1.0}
11,381,{'weight': 1.0}
11,213,{'weight': 1.0}
12,288,{'weight': 1.0}
12,36,{'weight': 1.0}
13,16,{'weight': 1.0}
13,137,{'weight': 1.0}
13,15,{'weight': 1.0}
14,151,{'weight': 1.0}
14,381,{'weight': 1.0}
14,37,{'weight': 1.0}
14,95,{'weight': 1.0}
15,16,{'weight': 1.0}
15,137,{'weight': 1.0}
15,251,{'weight': 1.0}
15,95,{'weight': 1.0}
16,137,{'weight': 1.0}
17,489,{'weight': 1.0}
17,58,{'weight': 1.0}
17,250,{'weight': 1.0}
18,32,{'weight': 1.0}
18,19,{'weight': 1.0}
18,20,{'weight': 1.0}
18,163,{'weight': 1.0}
18,22,{'weight': 1.0}
18,153,{'weight': 1.0}
18,84,{'weight': 1.0}
18,138,{'weight': 1.0}
18,333,{'weight': 1.0}
18,62,{'weight': 1.0}
19,32,{'weight': 1.0}
19,163,{'weight': 1.0}
19,20,{'weight': 1.0}
19,86,{'weight': 1.0}
19,22,{'weight': 1.0}
19,153,{'weight': 1.0}
19,84,{'weight': 1.0}
19,138,{'weight': 1.0}
19,333,{'weight': 1.0}
19,62,{'weight': 1.0}
20,32,{'weight': 1.0}
20,84,{'weight': 1.0}
20,163,{'weight': 1.0}
20,22,{'weight': 1.0}
20,153,{'weight': 1.0}
20,138,{'weight': 1.0}
20,333,{'weight': 1.0}
20,62,{'weight': 1.0}
21,288,{'weight': 1.0}
21,129,{'weight': 1.0}
21,491,{'weight': 1.0}
21,421,{'weight': 1.0}
21,486,{'weight': 1.0}
21,327,{'weight': 1.0}
21,199,{'weight': 1.0}
21,492,{'weight': 1.0}
21,432,{'weight': 1.0}
21,403,{'weight': 1.0}
21,158,{'weight': 1.0}
21,71,{'weight': 1.0}
21,476,{'weight': 1.0}
21,157,{'weight': 1.0}
21,254,{'weight': 1.0}
21,485,{'weight': 1.0}
22,32,{'weight': 1.0}
22,163,{'weight': 1.0}
22,86,{'weight': 1.0}
22,153,{'weight': 1.0}
22,84,{'weight': 1.0}
22,138,{'weight': 1.0}
22,333,{'weight': 1.0}
22,62,{'weight': 1.0}
23,193,{'weight': 1.0}
23,363,{'weight': 1.0}
23,273,{'weight': 1.0}
23,146,{'weight': 1.0}
23,147,{'weight': 1.0}
23,84,{'weight': 1.0}
23,406,{'weight': 1.0}
23,427,{'weight': 1.0}
23,221,{'weight': 1.0}
23,478,{'weight': 1.0}
23,479,{'weight': 1.0}
23,32,{'weight': 1.0}
23,227,{'weight': 1.0}
23,422,{'weight': 1.0}
23,104,{'weight': 1.0}
23,361,{'weight': 1.0}
23,298,{'weight': 1.0}
23,299,{'weight': 1.0}
23,364,{'weight': 1.0}
23,366,{'weight': 1.0}
23,305,{'weight': 1.0}
23,374,{'weight': 1.0}
23,425,{'weight': 1.0}
23,362,{'weight': 1.0}
23,62,{'weight': 1.0}
23,426,{'weight': 1.0}
24,48,{'weight': 1.0}
24,97,{'weight': 1.0}
24,82,{'weight': 1.0}
24,490,{'weight': 1.0}
24,151,{'weight': 1.0}
24,58,{'weight': 1.0}
24,250,{'weight': 1.0}
24,303,{'weight': 1.0}
25,260,{'weight': 1.0}
26,144,{'weight': 1.0}
26,145,{'weight': 1.0}
26,194,{'weight': 1.0}
26,197,{'weight': 1.0}
26,56,{'weight': 1.0}
26,27,{'weight': 1.0}
26,466,{'weight': 1.0}
26,414,{'weight': 1.0}
26,223,{'weight': 1.0}
27,224,{'weight': 1.0}
27,194,{'weight': 1.0}
27,329,{'weight': 1.0}
27,106,{'weight': 1.0}
27,144,{'weight': 1.0}
27,145,{'weight': 1.0}
27,373,{'weight': 1.0}
27,249,{'weight': 1.0}
27,132,{'weight': 1.0}
27,28,{'weight': 1.0}
27,414,{'weight': 1.0}
27,223,{'weight': 1.0}
28,452,{'weight': 1.0}
28,453,{'weight': 1.0}
28,201,{'weight': 1.0}
28,268,{'weight': 1.0}
28,219,{'weight': 1.0}
28,218,{'weight': 1.0}
28,220,{'weight': 1.0}
28,417,{'weight': 1.0}
28,418,{'weight': 1.0}
28,419,{'weight': 1.0}
28,420,{'weight': 1.0}
28,421,{'weight': 1.0}
28,232,{'weight': 1.0}
28,233,{'weight': 1.0}
28,238,{'weight': 1.0}
28,179,{'weight': 1.0}
28,309,{'weight': 1.0}
28,310,{'weight': 1.0}
28,311,{'weight': 1.0}
28,312,{'weight': 1.0}
28,313,{'weight': 1.0}
28,314,{'weight': 1.0}
28,190,{'weight': 1.0}
28,191,{'weight': 1.0}
29,68,{'weight': 1.0}
29,30,{'weight': 1.0}
29,31,{'weight': 1.0}
30,68,{'weight': 1.0}
30,31,{'weight': 1.0}
31,68,{'weight': 1.0}
32,193,{'weight': 1.0}
32,86,{'weight': 1.0}
32,138,{'weight': 1.0}
32,333,{'weight': 1.0}
32,273,{'weight': 1.0}
32,153,{'weight': 1.0}
32,156,{'weight': 1.0}
32,290,{'weight': 1.0}
32,163,{'weight': 1.0}
32,366,{'weight': 1.0}
32,112,{'weight': 1.0}
32,117,{'weight': 1.0}
32,119,{'weight': 1.0}
32,120,{'weight': 1.0}
32,84,{'weight': 1.0}
32,380,{'weight': 1.0}
32,62,{'weight': 1.0}
33,34,{'weight': 1.0}
34,123,{'weight': 1.0}
34,396,{'weight': 1.0}
34,481,{'weight': 1.0}
35,104,{'weight': 1.0}
35,504,{'weight': 1.0}
35,354,{'weight': 1.0}
35,394,{'weight': 1.0}
36,288,{'weight': 1.0}
37,128,{'weight': 1.0}
37,146,{'weight': 1.0}
37,52,{'weight': 1.0}
37,342,{'weight': 1.0}
37,38,{'weight': 1.0}
37,39,{'weight': 1.0}
37,344,{'weight': 1.0}
37,151,{'weight': 1.0}
37,381,{'weight': 1.0}
37,95,{'weight': 1.0}
38,39,{'weight': 1.0}
39,49,{'weight': 1.0}
39,451,{'weight': 1.0}
39,262,{'weight': 1.0}
39,461,{'weight': 1.0}
39,222,{'weight': 1.0}
39,373,{'weight': 1.0}
40,72,{'weight': 1.0}
40,177,{'weight': 1.0}
40,187,{'weight': 1.0}
41,120,{'weight': 1.0}
41,42,{'weight': 1.0}
41,43,{'weight': 1.0}
41,44,{'weight': 1.0}
42,120,{'weight': 1.0}
42,43,{'weight': 1.0}
42,44,{'weight': 1.0}
43,120,{'weight': 1.0}
43,44,{'weight': 1.0}
44,120,{'weight': 1.0}
45,226,{'weight': 1.0}
45,102,{'weight': 1.0}
45,46,{'weight': 1.0}
46,49,{'weight': 1.0}
46,226,{'weight': 1.0}
46,212,{'weight': 1.0}
46,53,{'weight': 1.0}
46,487,{'weight': 1.0}
46,213,{'weight': 1.0}
47,385,{'weight': 1.0}
47,386,{'weight': 1.0}
47,387,{'weight': 1.0}
47,166,{'weight': 1.0}
47,135,{'weight': 1.0}
47,168,{'weight': 1.0}
47,297,{'weight': 1.0}
47,267,{'weight': 1.0}
47,494,{'weight': 1.0}
47,340,{'weight': 1.0}
47,216,{'weight': 1.0}
47,316,{'weight': 1.0}
47,510,{'weight': 1.0}
47,511,{'weight': 1.0}
48,97,{'weight': 1.0}
48,323,{'weight': 1.0}
48,454,{'weight': 1.0}
48,294,{'weight': 1.0}
48,295,{'weight': 1.0}
48,58,{'weight': 1.0}
48,250,{'weight': 1.0}
49,213,{'weight': 1.0}
49,451,{'weight': 1.0}
49,138,{'weight': 1.0}
49,461,{'weight': 1.0}
49,81,{'weight': 1.0}
49,339,{'weight': 1.0}
49,212,{'weight': 1.0}
49,346,{'weight': 1.0}
49,347,{'weight': 1.0}
49,222,{'weight': 1.0}
49,226,{'weight': 1.0}
49,359,{'weight': 1.0}
49,301,{'weight': 1.0}
49,302,{'weight': 1.0}
49,147,{'weight': 1.0}
49,373,{'weight': 1.0}
49,122,{'weight': 1.0}
49,508,{'weight': 1.0}
49,53,{'weight': 1.0}
50,51,{'weight': 1.0}
50,374,{'weight': 1.0}
51,374,{'weight': 1.0}
53,212,{'weight': 1.0}
53,150,{'weight': 1.0}
53,54,{'weight': 1.0}
53,257,{'weight': 1.0}
53,412,{'weight': 1.0}
53,76,{'weight': 1.0}
53,213,{'weight': 1.0}
55,88,{'weight': 1.0}
56,194,{'weight': 1.0}
57,62,{'weight': 1.0}
58,515,{'weight': 1.0}
58,97,{'weight': 1.0}
58,250,{'weight': 1.0}
59,498,{'weight': 1.0}
59,499,{'weight': 1.0}
59,500,{'weight': 1.0}
59,357,{'weight': 1.0}
59,358,{'weight': 1.0}
59,329,{'weight': 1.0}
59,501,{'weight': 1.0}
60,238,{'weight': 1.0}
61,64,{'weight': 1.0}
61,65,{'weight': 1.0}
61,66,{'weight': 1.0}
61,351,{'weight': 1.0}
61,62,{'weight': 1.0}
61,63,{'weight': 1.0}
62,138,{'weight': 1.0}
62,399,{'weight': 1.0}
62,272,{'weight': 1.0}
62,273,{'weight': 1.0}
62,276,{'weight': 1.0}
62,277,{'weight': 1.0}
62,278,{'weight': 1.0}
62,153,{'weight': 1.0}
62,154,{'weight': 1.0}
62,411,{'weight': 1.0}
62,284,{'weight': 1.0}
62,163,{'weight': 1.0}
62,406,{'weight': 1.0}
62,92,{'weight': 1.0}
62,394,{'weight': 1.0}
62,63,{'weight': 1.0}
62,64,{'weight': 1.0}
62,65,{'weight': 1.0}
62,66,{'weight': 1.0}
62,198,{'weight': 1.0}
62,460,{'weight': 1.0}
62,77,{'weight': 1.0}
62,205,{'weight': 1.0}
62,352,{'weight': 1.0}
62,84,{'weight': 1.0}
62,493,{'weight': 1.0}
62,348,{'weight': 1.0}
62,93,{'weight': 1.0}
62,222,{'weight': 1.0}
62,351,{'weight': 1.0}
62,96,{'weight': 1.0}
62,400,{'weight': 1.0}
62,104,{'weight': 1.0}
62,362,{'weight': 1.0}
62,274,{'weight': 1.0}
62,333,{'weight': 1.0}
62,275,{'weight': 1.0}
62,116,{'weight': 1.0}
62,117,{'weight': 1.0}
62,118,{'weight': 1.0}
62,405,{'weight': 1.0}
63,64,{'weight': 1.0}
63,65,{'weight': 1.0}
63,66,{'weight': 1.0}
63,351,{'weight': 1.0}
64,65,{'weight': 1.0}
64,66,{'weight': 1.0}
64,351,{'weight': 1.0}
65,66,{'weight': 1.0}
65,67,{'weight': 1.0}
65,139,{'weight': 1.0}
65,269,{'weight': 1.0}
65,271,{'weight': 1.0}
65,275,{'weight': 1.0}
65,84,{'weight': 1.0}
65,86,{'weight': 1.0}
65,279,{'weight': 1.0}
65,280,{'weight': 1.0}
65,281,{'weight': 1.0}
65,154,{'weight': 1.0}
65,155,{'weight': 1.0}
65,282,{'weight': 1.0}
65,222,{'weight': 1.0}
65,351,{'weight': 1.0}
65,96,{'weight': 1.0}
65,283,{'weight': 1.0}
65,349,{'weight': 1.0}
65,116,{'weight': 1.0}
65,350,{'weight': 1.0}
65,118,{'weight': 1.0}
65,148,{'weight': 1.0}
66,400,{'weight': 1.0}
66,399,{'weight': 1.0}
66,351,{'weight': 1.0}
66,460,{'weight': 1.0}
67,80,{'weight': 1.0}
67,138,{'weight': 1.0}
67,139,{'weight': 1.0}
68,372,{'weight': 1.0}
68,78,{'weight': 1.0}
68,70,{'weight': 1.0}
68,71,{'weight': 1.0}
68,265,{'weight': 1.0}
68,266,{'weight': 1.0}
68,377,{'weight': 1.0}
69,471,{'weight': 1.0}
70,113,{'weight': 1.0}
70,71,{'weight': 1.0}
70,121,{'weight': 1.0}
70,186,{'weight': 1.0}
70,372,{'weight': 1.0}
70,377,{'weight': 1.0}
71,372,{'weight': 1.0}
71,377,{'weight': 1.0}
73,74,{'weight': 1.0}
73,75,{'weight': 1.0}
73,372,{'weight': 1.0}
74,75,{'weight': 1.0}
76,412,{'weight': 1.0}
77,362,{'weight': 1.0}
77,411,{'weight': 1.0}
77,92,{'weight': 1.0}
78,336,{'weight': 1.0}
78,337,{'weight': 1.0}
78,338,{'weight': 1.0}
78,469,{'weight': 1.0}
78,110,{'weight': 1.0}
79,136,{'weight': 1.0}
81,147,{'weight': 1.0}
83,84,{'weight': 1.0}
83,85,{'weight': 1.0}
83,86,{'weight': 1.0}
83,87,{'weight': 1.0}
84,193,{'weight': 1.0}
84,96,{'weight': 1.0}
84,138,{'weight': 1.0}
84,333,{'weight': 1.0}
84,273,{'weight': 1.0}
84,85,{'weight': 1.0}
84,86,{'weight': 1.0}
84,87,{'weight': 1.0}
84,153,{'weight': 1.0}
84,154,{'weight': 1.0}
84,91,{'weight': 1.0}
84,92,{'weight': 1.0}
84,93,{'weight': 1.0}
84,155,{'weight': 1.0}
84,163,{'weight': 1.0}
84,291,{'weight': 1.0}
84,366,{'weight': 1.0}
84,115,{'weight': 1.0}
84,117,{'weight': 1.0}
84,119,{'weight': 1.0}
84,120,{'weight': 1.0}
85,86,{'weight': 1.0}
85,87,{'weight': 1.0}
86,477,{'weight': 1.0}
86,119,{'weight': 1.0}
86,300,{'weight': 1.0}
86,333,{'weight': 1.0}
86,111,{'weight': 1.0}
86,402,{'weight': 1.0}
86,87,{'weight': 1.0}
86,120,{'weight': 1.0}
86,154,{'weight': 1.0}
86,475,{'weight': 1.0}
86,92,{'weight': 1.0}
86,413,{'weight': 1.0}
86,474,{'weight': 1.0}
87,214,{'weight': 1.0}
87,225,{'weight': 1.0}
87,114,{'weight': 1.0}
87,373,{'weight': 1.0}
87,325,{'weight': 1.0}
88,368,{'weight': 1.0}
88,369,{'weight': 1.0}
88,370,{'weight': 1.0}
88,228,{'weight': 1.0}
88,89,{'weight': 1.0}
88,367,{'weight': 1.0}
90,194,{'weight': 1.0}
91,92,{'weight': 1.0}
91,93,{'weight': 1.0}
92,96,{'weight': 1.0}
92,411,{'weight': 1.0}
92,406,{'weight': 1.0}
92,362,{'weight': 1.0}
92,399,{'weight': 1.0}
92,400,{'weight': 1.0}
92,93,{'weight': 1.0}
92,222,{'weight': 1.0}
92,405,{'weight': 1.0}
94,95,{'weight': 1.0}
95,151,{'weight': 1.0}
95,251,{'weight': 1.0}
95,381,{'weight': 1.0}
96,284,{'weight': 1.0}
96,138,{'weight': 1.0}
96,205,{'weight': 1.0}
96,399,{'weight': 1.0}
96,400,{'weight': 1.0}
96,115,{'weight': 1.0}
96,406,{'weight': 1.0}
96,116,{'weight': 1.0}
96,154,{'weight': 1.0}
96,155,{'weight': 1.0}
96,222,{'weight': 1.0}
96,405,{'weight': 1.0}
97,250,{'weight': 1.0}
98,248,{'weight': 1.0}
98,327,{'weight': 1.0}
98,99,{'weight': 1.0}
98,100,{'weight': 1.0}
98,247,{'weight': 1.0}
99,100,{'weight': 1.0}
101,342,{'weight': 1.0}
103,106,{'weight': 1.0}
104,354,{'weight': 1.0}
104,504,{'weight': 1.0}
104,394,{'weight': 1.0}
105,106,{'weight': 1.0}
105,107,{'weight': 1.0}
106,304,{'weight': 1.0}
106,107,{'weight': 1.0}
106,447,{'weight': 1.0}
107,304,{'weight': 1.0}
108,434,{'weight': 1.0}
108,237,{'weight': 1.0}
108,391,{'weight': 1.0}
108,488,{'weight': 1.0}
108,429,{'weight': 1.0}
108,109,{'weight': 1.0}
108,110,{'weight': 1.0}
108,239,{'weight': 1.0}
109,110,{'weight': 1.0}
110,336,{'weight': 1.0}
110,337,{'weight': 1.0}
110,338,{'weight': 1.0}
110,509,{'weight': 1.0}
111,112,{'weight': 1.0}
111,474,{'weight': 1.0}
111,402,{'weight': 1.0}
111,154,{'weight': 1.0}
111,475,{'weight': 1.0}
111,300,{'weight': 1.0}
111,333,{'weight': 1.0}
111,477,{'weight': 1.0}
112,380,{'weight': 1.0}
113,121,{'weight': 1.0}
114,373,{'weight': 1.0}
116,211,{'weight': 1.0}
116,117,{'weight': 1.0}
116,118,{'weight': 1.0}
116,437,{'weight': 1.0}
116,222,{'weight': 1.0}
117,290,{'weight': 1.0}
117,118,{'weight': 1.0}
117,156,{'weight': 1.0}
118,148,{'weight': 1.0}
118,350,{'weight': 1.0}
118,349,{'weight': 1.0}
119,120,{'weight': 1.0}
120,315,{'weight': 1.0}
123,341,{'weight': 1.0}
124,195,{'weight': 1.0}
124,196,{'weight': 1.0}
124,125,{'weight': 1.0}
124,126,{'weight': 1.0}
124,127,{'weight': 1.0}
125,126,{'weight': 1.0}
125,127,{'weight': 1.0}
126,127,{'weight': 1.0}
127,324,{'weight': 1.0}
127,211,{'weight': 1.0}
130,496,{'weight': 1.0}
130,161,{'weight': 1.0}
130,514,{'weight': 1.0}
130,131,{'weight': 1.0}
130,164,{'weight': 1.0}
130,497,{'weight': 1.0}
130,495,{'weight': 1.0}
131,514,{'weight': 1.0}
131,414,{'weight': 1.0}
133,134,{'weight': 1.0}
134,360,{'weight': 1.0}
134,297,{'weight': 1.0}
134,162,{'weight': 1.0}
134,222,{'weight': 1.0}
135,316,{'weight': 1.0}
136,165,{'weight': 1.0}
136,170,{'weight': 1.0}
136,171,{'weight': 1.0}
136,172,{'weight': 1.0}
136,173,{'weight': 1.0}
136,174,{'weight': 1.0}
136,375,{'weight': 1.0}
136,376,{'weight': 1.0}
136,378,{'weight': 1.0}
136,379,{'weight': 1.0}
136,442,{'weight': 1.0}
138,163,{'weight': 1.0}
138,394,{'weight': 1.0}
138,205,{'weight': 1.0}
138,302,{'weight': 1.0}
138,333,{'weight': 1.0}
138,153,{'weight': 1.0}
140,229,{'weight': 1.0}
140,317,{'weight': 1.0}
141,388,{'weight': 1.0}
141,389,{'weight': 1.0}
141,374,{'weight': 1.0}
141,391,{'weight': 1.0}
141,392,{'weight': 1.0}
141,393,{'weight': 1.0}
141,390,{'weight': 1.0}
141,142,{'weight': 1.0}
141,143,{'weight': 1.0}
142,143,{'weight': 1.0}
144,145,{'weight': 1.0}
144,194,{'weight': 1.0}
145,194,{'weight': 1.0}
146,147,{'weight': 1.0}
146,151,{'weight': 1.0}
146,342,{'weight': 1.0}
147,395,{'weight': 1.0}
147,167,{'weight': 1.0}
147,343,{'weight': 1.0}
147,396,{'weight': 1.0}
148,350,{'weight': 1.0}
148,349,{'weight': 1.0}
149,150,{'weight': 1.0}
150,256,{'weight': 1.0}
150,265,{'weight': 1.0}
150,266,{'weight': 1.0}
150,285,{'weight': 1.0}
150,255,{'weight': 1.0}
151,381,{'weight': 1.0}
152,214,{'weight': 1.0}
152,335,{'weight': 1.0}
153,163,{'weight': 1.0}
153,333,{'weight': 1.0}
154,475,{'weight': 1.0}
154,300,{'weight': 1.0}
154,333,{'weight': 1.0}
154,402,{'weight': 1.0}
154,474,{'weight': 1.0}
154,155,{'weight': 1.0}
154,284,{'weight': 1.0}
154,477,{'weight': 1.0}
156,290,{'weight': 1.0}
157,288,{'weight': 1.0}
157,403,{'weight': 1.0}
157,327,{'weight': 1.0}
157,199,{'weight': 1.0}
157,158,{'weight': 1.0}
158,288,{'weight': 1.0}
158,403,{'weight': 1.0}
158,491,{'weight': 1.0}
158,492,{'weight': 1.0}
159,436,{'weight': 1.0}
160,421,{'weight': 1.0}
161,496,{'weight': 1.0}
161,497,{'weight': 1.0}
161,164,{'weight': 1.0}
161,495,{'weight': 1.0}
162,208,{'weight': 1.0}
163,333,{'weight': 1.0}
164,496,{'weight': 1.0}
164,497,{'weight': 1.0}
164,495,{'weight': 1.0}
165,376,{'weight': 1.0}
165,375,{'weight': 1.0}
165,378,{'weight': 1.0}
165,379,{'weight': 1.0}
165,442,{'weight': 1.0}
166,168,{'weight': 1.0}
166,216,{'weight': 1.0}
166,340,{'weight': 1.0}
166,297,{'weight': 1.0}
167,343,{'weight': 1.0}
168,216,{'weight': 1.0}
168,297,{'weight': 1.0}
168,340,{'weight': 1.0}
169,327,{'weight': 1.0}
170,171,{'weight': 1.0}
170,172,{'weight': 1.0}
170,173,{'weight': 1.0}
171,172,{'weight': 1.0}
171,173,{'weight': 1.0}
172,458,{'weight': 1.0}
172,181,{'weight': 1.0}
172,173,{'weight': 1.0}
172,174,{'weight': 1.0}
173,174,{'weight': 1.0}
174,258,{'weight': 1.0}
174,259,{'weight': 1.0}
174,356,{'weight': 1.0}
174,261,{'weight': 1.0}
174,365,{'weight': 1.0}
175,176,{'weight': 1.0}
175,177,{'weight': 1.0}
175,178,{'weight': 1.0}
175,179,{'weight': 1.0}
175,180,{'weight': 1.0}
176,177,{'weight': 1.0}
176,178,{'weight': 1.0}
176,179,{'weight': 1.0}
176,180,{'weight': 1.0}
177,178,{'weight': 1.0}
177,179,{'weight': 1.0}
177,180,{'weight': 1.0}
177,187,{'weight': 1.0}
178,179,{'weight': 1.0}
178,180,{'weight': 1.0}
179,180,{'weight': 1.0}
179,191,{'weight': 1.0}
179,189,{'weight': 1.0}
179,190,{'weight': 1.0}
182,184,{'weight': 1.0}
182,185,{'weight': 1.0}
182,183,{'weight': 1.0}
183,230,{'weight': 1.0}
183,194,{'weight': 1.0}
183,371,{'weight': 1.0}
183,228,{'weight': 1.0}
183,229,{'weight': 1.0}
183,231,{'weight': 1.0}
183,184,{'weight': 1.0}
183,185,{'weight': 1.0}
184,185,{'weight': 1.0}
187,192,{'weight': 1.0}
187,236,{'weight': 1.0}
187,234,{'weight': 1.0}
187,235,{'weight': 1.0}
187,188,{'weight': 1.0}
190,191,{'weight': 1.0}
193,273,{'weight': 1.0}
193,291,{'weight': 1.0}
193,366,{'weight': 1.0}
194,264,{'weight': 1.0}
195,196,{'weight': 1.0}
199,254,{'weight': 1.0}
200,204,{'weight': 1.0}
200,333,{'weight': 1.0}
201,268,{'weight': 1.0}
202,308,{'weight': 1.0}
202,306,{'weight': 1.0}
202,307,{'weight': 1.0}
202,268,{'weight': 1.0}
202,329,{'weight': 1.0}
203,204,{'weight': 1.0}
204,333,{'weight': 1.0}
206,436,{'weight': 1.0}
206,207,{'weight': 1.0}
207,209,{'weight': 1.0}
207,466,{'weight': 1.0}
207,259,{'weight': 1.0}
207,439,{'weight': 1.0}
207,440,{'weight': 1.0}
207,441,{'weight': 1.0}
207,443,{'weight': 1.0}
207,444,{'weight': 1.0}
207,445,{'weight': 1.0}
209,466,{'weight': 1.0}
209,259,{'weight': 1.0}
209,439,{'weight': 1.0}
209,440,{'weight': 1.0}
209,441,{'weight': 1.0}
209,443,{'weight': 1.0}
209,444,{'weight': 1.0}
209,445,{'weight': 1.0}
210,211,{'weight': 1.0}
211,324,{'weight': 1.0}
211,437,{'weight': 1.0}
211,381,{'weight': 1.0}
212,213,{'weight': 1.0}
214,335,{'weight': 1.0}
214,215,{'weight': 1.0}
216,340,{'weight': 1.0}
216,297,{'weight': 1.0}
216,217,{'weight': 1.0}
218,219,{'weight': 1.0}
222,461,{'weight': 1.0}
222,399,{'weight': 1.0}
222,400,{'weight': 1.0}
222,373,{'weight': 1.0}
222,406,{'weight': 1.0}
222,405,{'weight': 1.0}
223,224,{'weight': 1.0}
225,331,{'weight': 1.0}
225,242,{'weight': 1.0}
225,243,{'weight': 1.0}
225,404,{'weight': 1.0}
226,430,{'weight': 1.0}
226,334,{'weight': 1.0}
226,401,{'weight': 1.0}
226,431,{'weight': 1.0}
226,237,{'weight': 1.0}
227,361,{'weight': 1.0}
227,362,{'weight': 1.0}
227,363,{'weight': 1.0}
227,364,{'weight': 1.0}
228,368,{'weight': 1.0}
228,369,{'weight': 1.0}
228,229,{'weight': 1.0}
228,230,{'weight': 1.0}
228,231,{'weight': 1.0}
228,367,{'weight': 1.0}
229,231,{'weight': 1.0}
229,230,{'weight': 1.0}
230,231,{'weight': 1.0}
232,233,{'weight': 1.0}
234,236,{'weight': 1.0}
234,235,{'weight': 1.0}
235,292,{'weight': 1.0}
235,236,{'weight': 1.0}
235,293,{'weight': 1.0}
237,240,{'weight': 1.0}
237,241,{'weight': 1.0}
237,391,{'weight': 1.0}
237,488,{'weight': 1.0}
237,434,{'weight': 1.0}
237,429,{'weight': 1.0}
237,239,{'weight': 1.0}
238,480,{'weight': 1.0}
238,407,{'weight': 1.0}
240,241,{'weight': 1.0}
241,512,{'weight': 1.0}
241,513,{'weight': 1.0}
242,243,{'weight': 1.0}
242,404,{'weight': 1.0}
243,404,{'weight': 1.0}
244,256,{'weight': 1.0}
244,246,{'weight': 1.0}
245,246,{'weight': 1.0}
246,256,{'weight': 1.0}
246,263,{'weight': 1.0}
247,248,{'weight': 1.0}
249,373,{'weight': 1.0}
250,515,{'weight': 1.0}
252,289,{'weight': 1.0}
252,466,{'weight': 1.0}
252,457,{'weight': 1.0}
252,253,{'weight': 1.0}
252,286,{'weight': 1.0}
252,287,{'weight': 1.0}
255,256,{'weight': 1.0}
255,455,{'weight': 1.0}
257,328,{'weight': 1.0}
257,326,{'weight': 1.0}
257,327,{'weight': 1.0}
258,259,{'weight': 1.0}
258,356,{'weight': 1.0}
258,261,{'weight': 1.0}
258,365,{'weight': 1.0}
259,356,{'weight': 1.0}
259,261,{'weight': 1.0}
259,365,{'weight': 1.0}
259,466,{'weight': 1.0}
259,439,{'weight': 1.0}
259,440,{'weight': 1.0}
259,441,{'weight': 1.0}
259,443,{'weight': 1.0}
259,444,{'weight': 1.0}
259,445,{'weight': 1.0}
261,356,{'weight': 1.0}
261,365,{'weight': 1.0}
265,266,{'weight': 1.0}
266,285,{'weight': 1.0}
268,329,{'weight': 1.0}
269,275,{'weight': 1.0}
269,279,{'weight': 1.0}
269,280,{'weight': 1.0}
269,281,{'weight': 1.0}
269,282,{'weight': 1.0}
269,283,{'weight': 1.0}
269,270,{'weight': 1.0}
269,271,{'weight': 1.0}
270,271,{'weight': 1.0}
271,275,{'weight': 1.0}
271,279,{'weight': 1.0}
271,280,{'weight': 1.0}
271,281,{'weight': 1.0}
271,282,{'weight': 1.0}
271,283,{'weight': 1.0}
272,273,{'weight': 1.0}
272,274,{'weight': 1.0}
272,275,{'weight': 1.0}
272,276,{'weight': 1.0}
272,277,{'weight': 1.0}
272,278,{'weight': 1.0}
273,484,{'weight': 1.0}
273,332,{'weight': 1.0}
273,333,{'weight': 1.0}
273,366,{'weight': 1.0}
273,274,{'weight': 1.0}
273,275,{'weight': 1.0}
273,277,{'weight': 1.0}
273,278,{'weight': 1.0}
273,276,{'weight': 1.0}
274,275,{'weight': 1.0}
274,276,{'weight': 1.0}
274,277,{'weight': 1.0}
274,278,{'weight': 1.0}
275,276,{'weight': 1.0}
275,277,{'weight': 1.0}
275,278,{'weight': 1.0}
275,279,{'weight': 1.0}
275,280,{'weight': 1.0}
275,281,{'weight': 1.0}
275,282,{'weight': 1.0}
275,283,{'weight': 1.0}
276,277,{'weight': 1.0}
276,278,{'weight': 1.0}
277,278,{'weight': 1.0}
279,280,{'weight': 1.0}
279,281,{'weight': 1.0}
279,282,{'weight': 1.0}
279,283,{'weight': 1.0}
280,281,{'weight': 1.0}
280,282,{'weight': 1.0}
280,283,{'weight': 1.0}
281,282,{'weight': 1.0}
281,283,{'weight': 1.0}
282,410,{'weight': 1.0}
282,283,{'weight': 1.0}
286,289,{'weight': 1.0}
286,457,{'weight': 1.0}
286,287,{'weight': 1.0}
287,456,{'weight': 1.0}
287,289,{'weight': 1.0}
287,457,{'weight': 1.0}
288,403,{'weight': 1.0}
288,486,{'weight': 1.0}
288,485,{'weight': 1.0}
289,456,{'weight': 1.0}
289,457,{'weight': 1.0}
291,438,{'weight': 1.0}
291,398,{'weight': 1.0}
292,293,{'weight': 1.0}
294,295,{'weight': 1.0}
296,468,{'weight': 1.0}
296,330,{'weight': 1.0}
296,467,{'weight': 1.0}
296,324,{'weight': 1.0}
297,340,{'weight': 1.0}
298,299,{'weight': 1.0}
300,474,{'weight': 1.0}
300,402,{'weight': 1.0}
300,477,{'weight': 1.0}
300,475,{'weight': 1.0}
300,333,{'weight': 1.0}
301,302,{'weight': 1.0}
302,339,{'weight': 1.0}
302,345,{'weight': 1.0}
306,307,{'weight': 1.0}
306,308,{'weight': 1.0}
307,308,{'weight': 1.0}
309,312,{'weight': 1.0}
309,313,{'weight': 1.0}
309,310,{'weight': 1.0}
309,311,{'weight': 1.0}
310,312,{'weight': 1.0}
310,313,{'weight': 1.0}
310,311,{'weight': 1.0}
311,312,{'weight': 1.0}
311,313,{'weight': 1.0}
312,313,{'weight': 1.0}
313,314,{'weight': 1.0}
316,385,{'weight': 1.0}
316,386,{'weight': 1.0}
316,387,{'weight': 1.0}
317,320,{'weight': 1.0}
317,321,{'weight': 1.0}
317,322,{'weight': 1.0}
317,318,{'weight': 1.0}
317,319,{'weight': 1.0}
318,320,{'weight': 1.0}
318,321,{'weight': 1.0}
318,322,{'weight': 1.0}
318,319,{'weight': 1.0}
319,320,{'weight': 1.0}
319,321,{'weight': 1.0}
319,322,{'weight': 1.0}
320,321,{'weight': 1.0}
320,322,{'weight': 1.0}
321,322,{'weight': 1.0}
324,468,{'weight': 1.0}
324,330,{'weight': 1.0}
324,467,{'weight': 1.0}
326,328,{'weight': 1.0}
326,327,{'weight': 1.0}
327,328,{'weight': 1.0}
329,357,{'weight': 1.0}
330,468,{'weight': 1.0}
330,467,{'weight': 1.0}
332,333,{'weight': 1.0}
333,463,{'weight': 1.0}
333,464,{'weight': 1.0}
333,402,{'weight': 1.0}
333,475,{'weight': 1.0}
333,474,{'weight': 1.0}
333,415,{'weight': 1.0}
333,465,{'weight': 1.0}
333,477,{'weight': 1.0}
335,459,{'weight': 1.0}
336,337,{'weight': 1.0}
336,338,{'weight': 1.0}
337,338,{'weight': 1.0}
346,347,{'weight': 1.0}
348,352,{'weight': 1.0}
348,394,{'weight': 1.0}
349,350,{'weight': 1.0}
352,394,{'weight': 1.0}
353,354,{'weight': 1.0}
353,355,{'weight': 1.0}
354,504,{'weight': 1.0}
354,394,{'weight': 1.0}
354,355,{'weight': 1.0}
356,365,{'weight': 1.0}
361,450,{'weight': 1.0}
361,362,{'weight': 1.0}
361,363,{'weight': 1.0}
361,364,{'weight': 1.0}
362,411,{'weight': 1.0}
362,364,{'weight': 1.0}
362,363,{'weight': 1.0}
363,364,{'weight': 1.0}
367,368,{'weight': 1.0}
367,369,{'weight': 1.0}
368,369,{'weight': 1.0}
368,370,{'weight': 1.0}
372,377,{'weight': 1.0}
373,461,{'weight': 1.0}
374,388,{'weight': 1.0}
374,389,{'weight': 1.0}
374,390,{'weight': 1.0}
374,392,{'weight': 1.0}
374,393,{'weight': 1.0}
374,391,{'weight': 1.0}
375,376,{'weight': 1.0}
375,378,{'weight': 1.0}
375,379,{'weight': 1.0}
375,442,{'weight': 1.0}
376,424,{'weight': 1.0}
376,423,{'weight': 1.0}
376,378,{'weight': 1.0}
376,379,{'weight': 1.0}
376,442,{'weight': 1.0}
378,442,{'weight': 1.0}
378,379,{'weight': 1.0}
379,442,{'weight': 1.0}
381,383,{'weight': 1.0}
381,384,{'weight': 1.0}
381,470,{'weight': 1.0}
381,382,{'weight': 1.0}
382,384,{'weight': 1.0}
382,383,{'weight': 1.0}
383,384,{'weight': 1.0}
385,386,{'weight': 1.0}
385,387,{'weight': 1.0}
386,387,{'weight': 1.0}
388,390,{'weight': 1.0}
388,391,{'weight': 1.0}
388,392,{'weight': 1.0}
388,393,{'weight': 1.0}
388,389,{'weight': 1.0}
389,390,{'weight': 1.0}
389,391,{'weight': 1.0}
389,392,{'weight': 1.0}
389,393,{'weight': 1.0}
390,391,{'weight': 1.0}
390,392,{'weight': 1.0}
390,393,{'weight': 1.0}
391,488,{'weight': 1.0}
391,392,{'weight': 1.0}
391,393,{'weight': 1.0}
391,434,{'weight': 1.0}
392,393,{'weight': 1.0}
394,504,{'weight': 1.0}
395,396,{'weight': 1.0}
397,398,{'weight': 1.0}
398,435,{'weight': 1.0}
398,438,{'weight': 1.0}
399,400,{'weight': 1.0}
399,406,{'weight': 1.0}
399,405,{'weight': 1.0}
400,406,{'weight': 1.0}
400,405,{'weight': 1.0}
401,502,{'weight': 1.0}
402,448,{'weight': 1.0}
402,449,{'weight': 1.0}
402,477,{'weight': 1.0}
402,462,{'weight': 1.0}
402,406,{'weight': 1.0}
402,474,{'weight': 1.0}
402,475,{'weight': 1.0}
405,406,{'weight': 1.0}
406,425,{'weight': 1.0}
406,426,{'weight': 1.0}
406,427,{'weight': 1.0}
406,462,{'weight': 1.0}
407,408,{'weight': 1.0}
407,409,{'weight': 1.0}
407,480,{'weight': 1.0}
408,409,{'weight': 1.0}
408,446,{'weight': 1.0}
415,416,{'weight': 1.0}
415,464,{'weight': 1.0}
415,465,{'weight': 1.0}
415,463,{'weight': 1.0}
417,420,{'weight': 1.0}
417,418,{'weight': 1.0}
417,419,{'weight': 1.0}
418,420,{'weight': 1.0}
418,419,{'weight': 1.0}
419,420,{'weight': 1.0}
423,424,{'weight': 1.0}
425,426,{'weight': 1.0}
425,427,{'weight': 1.0}
426,427,{'weight': 1.0}
430,431,{'weight': 1.0}
433,434,{'weight': 1.0}
434,488,{'weight': 1.0}
439,466,{'weight': 1.0}
439,440,{'weight': 1.0}
439,441,{'weight': 1.0}
439,443,{'weight': 1.0}
439,444,{'weight': 1.0}
439,445,{'weight': 1.0}
440,466,{'weight': 1.0}
440,473,{'weight': 1.0}
440,441,{'weight': 1.0}
440,443,{'weight': 1.0}
440,444,{'weight': 1.0}
440,445,{'weight': 1.0}
440,507,{'weight': 1.0}
441,466,{'weight': 1.0}
441,443,{'weight': 1.0}
441,444,{'weight': 1.0}
441,445,{'weight': 1.0}
443,466,{'weight': 1.0}
443,444,{'weight': 1.0}
443,445,{'weight': 1.0}
444,466,{'weight': 1.0}
444,445,{'weight': 1.0}
445,466,{'weight': 1.0}
448,449,{'weight': 1.0}
452,453,{'weight': 1.0}
463,464,{'weight': 1.0}
463,465,{'weight': 1.0}
464,465,{'weight': 1.0}
467,468,{'weight': 1.0}
471,472,{'weight': 1.0}
471,473,{'weight': 1.0}
471,482,{'weight': 1.0}
471,483,{'weight': 1.0}
472,473,{'weight': 1.0}
473,507,{'weight': 1.0}
474,477,{'weight': 1.0}
474,475,{'weight': 1.0}
475,477,{'weight': 1.0}
478,479,{'weight': 1.0}
482,483,{'weight': 1.0}
485,486,{'weight': 1.0}
491,492,{'weight': 1.0}
495,496,{'weight': 1.0}
495,497,{'weight': 1.0}
496,497,{'weight': 1.0}
498,500,{'weight': 1.0}
498,501,{'weight': 1.0}
498,499,{'weight': 1.0}
499,500,{'weight': 1.0}
499,501,{'weight': 1.0}
500,501,{'weight': 1.0}
503,504,{'weight': 1.0}
503,505,{'weight': 1.0}
503,506,{'weight': 1.0}
504,505,{'weight': 1.0}
504,506,{'weight': 1.0}
505,506,{'weight': 1.0}
512,513,{'weight': 1.0}
